"chameleon-video,10.0,0","(32, 8, 48, 1.2, 8573)"
"chameleon-video,10.0,1000","(32, 8, 48, 1.2, 8573)"
"chameleon-video,10.0,2000","(28, 8, 40, 1.8, 7289)"
"chameleon-video,10.0,3000","(28, 8, 40, 1.8, 7289)"
"chameleon-video,10.0,4000","(28, 8, 40, 1.8, 7289)"
"chameleon-video,10.0,5000","(28, 8, 40, 1.8, 7289)"
"chameleon-video,10.0,6000","(28, 8, 40, 1.8, 7289)"
"chameleon-video,10.0,7000","(28, 8, 40, 1.8, 7289)"
"chameleon-video,10.0,8000","(16, 8, 48, 2.3, 8191)"
"chameleon-video,10.0,9000","(32, 8, 48, 1.2, 8573)"
"chameleon-video,20.0,0","(32, 8, 48, 1.2, 8573)"
"chameleon-video,20.0,1000","(32, 8, 48, 1.2, 8573)"
"chameleon-video,20.0,2000","(28, 8, 40, 1.8, 7289)"
"chameleon-video,20.0,3000","(28, 8, 40, 1.8, 7289)"
"chameleon-video,20.0,4000","(28, 8, 40, 1.8, 7289)"
"chameleon-video,20.0,5000","(28, 8, 40, 1.8, 7289)"
"chameleon-video,20.0,6000","(28, 8, 40, 1.8, 7289)"
"chameleon-video,20.0,7000","(28, 8, 40, 1.8, 7289)"
"chameleon-video,20.0,8000","(16, 8, 48, 2.3, 8191)"
"chameleon-video,20.0,9000","(32, 8, 48, 1.2, 8573)"
"chameleon-video,30.0,0","(32, 8, 48, 1.2, 8573)"
"chameleon-video,30.0,1000","(32, 8, 48, 1.2, 8573)"
"chameleon-video,30.0,2000","(28, 8, 40, 1.8, 7289)"
"chameleon-video,30.0,3000","(28, 8, 40, 1.8, 7289)"
"chameleon-video,30.0,4000","(28, 8, 40, 1.8, 7289)"
"chameleon-video,30.0,5000","(28, 8, 40, 1.8, 7289)"
"chameleon-video,30.0,6000","(28, 8, 40, 1.8, 7289)"
"chameleon-video,30.0,7000","(28, 8, 40, 1.8, 7289)"
"chameleon-video,30.0,8000","(16, 8, 48, 2.3, 8191)"
"chameleon-video,30.0,9000","(32, 8, 48, 1.2, 8573)"
"chameleon-video,40.0,0","(9, 9, 9, 1.9, 8205)"
"chameleon-video,40.0,1000","(9, 9, 9, 1.9, 8205)"
"chameleon-video,40.0,2000","(16, 32, 8, 2.3, 5409)"
"chameleon-video,40.0,3000","(16, 32, 8, 2.3, 5409)"
"chameleon-video,40.0,4000","(16, 32, 8, 2.3, 5409)"
"chameleon-video,40.0,5000","(16, 32, 8, 2.3, 5409)"
"chameleon-video,40.0,6000","(16, 32, 8, 2.3, 5409)"
"chameleon-video,40.0,7000","(28, 8, 48, 2.2, 7025)"
"chameleon-video,40.0,8000","(16, 8, 16, 1.6, 7955)"
"chameleon-video,40.0,9000","(9, 9, 9, 1.9, 8205)"
"chameleon-video,50.0,0","(32, 16, 8, 1.6, 7352)"
"chameleon-video,50.0,1000","(32, 16, 8, 1.6, 7352)"
"chameleon-video,50.0,2000","(12, 1, 40, 2.2, 3305)"
"chameleon-video,50.0,3000","(12, 1, 40, 2.2, 3305)"
"chameleon-video,50.0,4000","(12, 1, 40, 2.2, 3305)"
"chameleon-video,50.0,5000","(12, 1, 40, 2.2, 3305)"
"chameleon-video,50.0,6000","(9, 19, 33, 2.1, 7167)"
"chameleon-video,50.0,7000","(9, 19, 33, 2.1, 7167)"
"chameleon-video,50.0,8000","(32, 16, 8, 1.6, 7352)"
"chameleon-video,50.0,9000","(32, 16, 8, 1.6, 7352)"
"chameleon-video,60.0,0","(9, 19, 2, 1.5, 5959)"
"chameleon-video,60.0,1000","(9, 19, 2, 1.5, 5959)"
"chameleon-video,60.0,2000","(16, 24, 16, 2.3, 3430)"
"chameleon-video,60.0,3000","(16, 24, 16, 2.3, 3430)"
"chameleon-video,60.0,4000","(16, 24, 16, 2.3, 3430)"
"chameleon-video,60.0,5000","(16, 4, 32, 2.0, 4945)"
"chameleon-video,60.0,6000","(9, 19, 2, 1.5, 5959)"
"chameleon-video,60.0,7000","(9, 19, 2, 1.5, 5959)"
"chameleon-video,60.0,8000","(9, 19, 2, 1.5, 5959)"
"chameleon-video,60.0,9000","(9, 19, 2, 1.5, 5959)"
"chameleon-video,70.0,0","(24, 1, 36, 1.8, 4306)"
"chameleon-video,70.0,1000","(24, 1, 36, 1.8, 4306)"
"chameleon-video,70.0,2000","(24, 1, 36, 1.8, 4306)"
"chameleon-video,70.0,3000","(24, 1, 36, 1.8, 4306)"
"chameleon-video,70.0,4000","(24, 1, 36, 1.8, 4306)"
"chameleon-video,70.0,5000","(24, 1, 36, 1.8, 4306)"
"chameleon-video,70.0,6000","(24, 1, 36, 1.8, 4306)"
"chameleon-video,70.0,7000","(24, 1, 36, 1.8, 4306)"
"chameleon-video,70.0,8000","(24, 1, 36, 1.8, 4306)"
"chameleon-video,70.0,9000","(24, 1, 36, 1.8, 4306)"
"chameleon-video,80.0,0","(28, 4, 8, 2.0, 3507)"
"chameleon-video,80.0,1000","(28, 4, 8, 2.0, 3507)"
"chameleon-video,80.0,2000","(28, 4, 8, 2.0, 3507)"
"chameleon-video,80.0,3000","(28, 4, 8, 2.0, 3507)"
"chameleon-video,80.0,4000","(28, 4, 8, 2.0, 3507)"
"chameleon-video,80.0,5000","(28, 4, 8, 2.0, 3507)"
"chameleon-video,80.0,6000","(28, 4, 8, 2.0, 3507)"
"chameleon-video,80.0,7000","(28, 4, 8, 2.0, 3507)"
"chameleon-video,80.0,8000","(28, 4, 8, 2.0, 3507)"
"chameleon-video,80.0,9000","(28, 4, 8, 2.0, 3507)"
"chameleon-video,90.0,0","(16, 4, 28, 2.2, 4268)"
"chameleon-video,90.0,1000","(16, 4, 28, 2.2, 4268)"
"chameleon-video,90.0,2000","(16, 4, 28, 2.2, 4268)"
"chameleon-video,90.0,3000","(16, 4, 28, 2.2, 4268)"
"chameleon-video,90.0,4000","(16, 4, 28, 2.2, 4268)"
"chameleon-video,90.0,5000","(16, 4, 28, 2.2, 4268)"
"chameleon-video,90.0,6000","(16, 4, 28, 2.2, 4268)"
"chameleon-video,90.0,7000","(16, 4, 28, 2.2, 4268)"
"chameleon-video,90.0,8000","(16, 4, 28, 2.2, 4268)"
"chameleon-video,90.0,9000","(16, 4, 28, 2.2, 4268)"
"chameleon-video,100.0,0","(16, 4, 28, 2.2, 4268)"
"chameleon-video,100.0,1000","(16, 4, 28, 2.2, 4268)"
"chameleon-video,100.0,2000","(16, 4, 28, 2.2, 4268)"
"chameleon-video,100.0,3000","(16, 4, 28, 2.2, 4268)"
"chameleon-video,100.0,4000","(16, 4, 28, 2.2, 4268)"
"chameleon-video,100.0,5000","(16, 4, 28, 2.2, 4268)"
"chameleon-video,100.0,6000","(16, 4, 28, 2.2, 4268)"
"chameleon-video,100.0,7000","(16, 4, 28, 2.2, 4268)"
"chameleon-video,100.0,8000","(16, 4, 28, 2.2, 4268)"
"chameleon-video,100.0,9000","(16, 4, 28, 2.2, 4268)"
"chameleon-video,110.0,0","(16, 4, 28, 2.2, 4268)"
"chameleon-video,110.0,1000","(16, 4, 28, 2.2, 4268)"
"chameleon-video,110.0,2000","(16, 4, 28, 2.2, 4268)"
"chameleon-video,110.0,3000","(16, 4, 28, 2.2, 4268)"
"chameleon-video,110.0,4000","(16, 4, 28, 2.2, 4268)"
"chameleon-video,110.0,5000","(16, 4, 28, 2.2, 4268)"
"chameleon-video,110.0,6000","(16, 4, 28, 2.2, 4268)"
"chameleon-video,110.0,7000","(16, 4, 28, 2.2, 4268)"
"chameleon-video,110.0,8000","(16, 4, 28, 2.2, 4268)"
"chameleon-video,110.0,9000","(16, 4, 28, 2.2, 4268)"
"chameleon-video,120.0,0","(16, 4, 28, 2.2, 4268)"
"chameleon-video,120.0,1000","(16, 4, 28, 2.2, 4268)"
"chameleon-video,120.0,2000","(16, 4, 28, 2.2, 4268)"
"chameleon-video,120.0,3000","(16, 4, 28, 2.2, 4268)"
"chameleon-video,120.0,4000","(16, 4, 28, 2.2, 4268)"
"chameleon-video,120.0,5000","(16, 4, 28, 2.2, 4268)"
"chameleon-video,120.0,6000","(16, 4, 28, 2.2, 4268)"
"chameleon-video,120.0,7000","(16, 4, 28, 2.2, 4268)"
"chameleon-video,120.0,8000","(16, 4, 28, 2.2, 4268)"
"chameleon-video,120.0,9000","(16, 4, 28, 2.2, 4268)"
"chameleon-image,10.0,0","(16, 32, 8, 2.0, 7878)"
"chameleon-image,10.0,1000","(16, 32, 8, 2.0, 7878)"
"chameleon-image,10.0,2000","(32, 8, 20, 2.3, 4066)"
"chameleon-image,10.0,3000","(32, 8, 20, 2.3, 4066)"
"chameleon-image,10.0,4000","(32, 8, 20, 2.3, 4066)"
"chameleon-image,10.0,5000","(32, 32, 4, 1.2, 4261)"
"chameleon-image,10.0,6000","(36, 70, 8, 2000000.0, 7649)"
"chameleon-image,10.0,7000","(36, 70, 8, 2000000.0, 7649)"
"chameleon-image,10.0,8000","(16, 32, 8, 2.0, 7878)"
"chameleon-image,10.0,9000","(16, 32, 8, 2.0, 7878)"
"chameleon-image,20.0,0","(16, 32, 8, 2.0, 7878)"
"chameleon-image,20.0,1000","(16, 32, 8, 2.0, 7878)"
"chameleon-image,20.0,2000","(32, 8, 20, 2.3, 4066)"
"chameleon-image,20.0,3000","(32, 8, 20, 2.3, 4066)"
"chameleon-image,20.0,4000","(32, 8, 20, 2.3, 4066)"
"chameleon-image,20.0,5000","(32, 32, 4, 1.2, 4261)"
"chameleon-image,20.0,6000","(36, 70, 8, 2000000.0, 7649)"
"chameleon-image,20.0,7000","(36, 70, 8, 2000000.0, 7649)"
"chameleon-image,20.0,8000","(16, 32, 8, 2.0, 7878)"
"chameleon-image,20.0,9000","(16, 32, 8, 2.0, 7878)"
"chameleon-image,30.0,0","(16, 32, 8, 2.0, 7878)"
"chameleon-image,30.0,1000","(16, 32, 8, 2.0, 7878)"
"chameleon-image,30.0,2000","(32, 8, 20, 2.3, 4066)"
"chameleon-image,30.0,3000","(32, 8, 20, 2.3, 4066)"
"chameleon-image,30.0,4000","(32, 8, 20, 2.3, 4066)"
"chameleon-image,30.0,5000","(32, 32, 4, 1.2, 4261)"
"chameleon-image,30.0,6000","(36, 70, 8, 2000000.0, 7649)"
"chameleon-image,30.0,7000","(36, 70, 8, 2000000.0, 7649)"
"chameleon-image,30.0,8000","(16, 32, 8, 2.0, 7878)"
"chameleon-image,30.0,9000","(16, 32, 8, 2.0, 7878)"
"chameleon-image,40.0,0","(64, 70, 16, 2000000.0, 8003)"
"chameleon-image,40.0,1000","(64, 70, 16, 2000000.0, 8003)"
"chameleon-image,40.0,2000","(20, 12, 8, 1.8, 2557)"
"chameleon-image,40.0,3000","(32, 16, 48, 2.3, 2895)"
"chameleon-image,40.0,4000","(32, 16, 48, 2.3, 2895)"
"chameleon-image,40.0,5000","(32, 16, 48, 2.3, 2895)"
"chameleon-image,40.0,6000","(64, 70, 16, 2000000.0, 8003)"
"chameleon-image,40.0,7000","(64, 70, 16, 2000000.0, 8003)"
"chameleon-image,40.0,8000","(64, 70, 16, 2000000.0, 8003)"
"chameleon-image,40.0,9000","(64, 70, 16, 2000000.0, 8003)"
"chameleon-image,50.0,0","(16, 16, 16, 2.3, 4603)"
"chameleon-image,50.0,1000","(16, 16, 16, 2.3, 4603)"
"chameleon-image,50.0,2000","(24, 24, 20, 1.4, 2216)"
"chameleon-image,50.0,3000","(24, 24, 20, 1.4, 2216)"
"chameleon-image,50.0,4000","(16, 16, 16, 2.3, 4603)"
"chameleon-image,50.0,5000","(16, 16, 16, 2.3, 4603)"
"chameleon-image,50.0,6000","(16, 16, 16, 2.3, 4603)"
"chameleon-image,50.0,7000","(16, 16, 16, 2.3, 4603)"
"chameleon-image,50.0,8000","(16, 16, 16, 2.3, 4603)"
"chameleon-image,50.0,9000","(16, 16, 16, 2.3, 4603)"
"chameleon-image,60.0,0","(16, 28, 24, 2.0, 2129)"
"chameleon-image,60.0,1000","(16, 28, 24, 2.0, 2129)"
"chameleon-image,60.0,2000","(16, 28, 24, 2.0, 2129)"
"chameleon-image,60.0,3000","(16, 28, 24, 2.0, 2129)"
"chameleon-image,60.0,4000","(16, 28, 24, 2.0, 2129)"
"chameleon-image,60.0,5000","(16, 28, 24, 2.0, 2129)"
"chameleon-image,60.0,6000","(16, 28, 24, 2.0, 2129)"
"chameleon-image,60.0,7000","(16, 28, 24, 2.0, 2129)"
"chameleon-image,60.0,8000","(16, 28, 24, 2.0, 2129)"
"chameleon-image,60.0,9000","(16, 28, 24, 2.0, 2129)"
"chameleon-image,70.0,0","(12, 16, 24, 2.0, 1422)"
"chameleon-image,70.0,1000","(12, 16, 24, 2.0, 1422)"
"chameleon-image,70.0,2000","(12, 16, 24, 2.0, 1422)"
"chameleon-image,70.0,3000","(12, 16, 24, 2.0, 1422)"
"chameleon-image,70.0,4000","(12, 16, 24, 2.0, 1422)"
"chameleon-image,70.0,5000","(12, 16, 24, 2.0, 1422)"
"chameleon-image,70.0,6000","(12, 16, 24, 2.0, 1422)"
"chameleon-image,70.0,7000","(12, 16, 24, 2.0, 1422)"
"chameleon-image,70.0,8000","(12, 16, 24, 2.0, 1422)"
"chameleon-image,70.0,9000","(12, 16, 24, 2.0, 1422)"
"chameleon-image,80.0,0","(8, 32, 2, 1.6, 2463)"
"chameleon-image,80.0,1000","(8, 32, 2, 1.6, 2463)"
"chameleon-image,80.0,2000","(8, 32, 2, 1.6, 2463)"
"chameleon-image,80.0,3000","(8, 32, 2, 1.6, 2463)"
"chameleon-image,80.0,4000","(8, 32, 2, 1.6, 2463)"
"chameleon-image,80.0,5000","(8, 32, 2, 1.6, 2463)"
"chameleon-image,80.0,6000","(8, 32, 2, 1.6, 2463)"
"chameleon-image,80.0,7000","(8, 32, 2, 1.6, 2463)"
"chameleon-image,80.0,8000","(8, 32, 2, 1.6, 2463)"
"chameleon-image,80.0,9000","(8, 32, 2, 1.6, 2463)"
"chameleon-image,90.0,0","(12, 16, 24, 2.2, 2034)"
"chameleon-image,90.0,1000","(12, 16, 24, 2.2, 2034)"
"chameleon-image,90.0,2000","(12, 16, 24, 2.2, 2034)"
"chameleon-image,90.0,3000","(12, 16, 24, 2.2, 2034)"
"chameleon-image,90.0,4000","(12, 16, 24, 2.2, 2034)"
"chameleon-image,90.0,5000","(12, 16, 24, 2.2, 2034)"
"chameleon-image,90.0,6000","(12, 16, 24, 2.2, 2034)"
"chameleon-image,90.0,7000","(12, 16, 24, 2.2, 2034)"
"chameleon-image,90.0,8000","(12, 16, 24, 2.2, 2034)"
"chameleon-image,90.0,9000","(12, 16, 24, 2.2, 2034)"
"chameleon-image,100.0,0","(12, 16, 24, 2.2, 2034)"
"chameleon-image,100.0,1000","(12, 16, 24, 2.2, 2034)"
"chameleon-image,100.0,2000","(12, 16, 24, 2.2, 2034)"
"chameleon-image,100.0,3000","(12, 16, 24, 2.2, 2034)"
"chameleon-image,100.0,4000","(12, 16, 24, 2.2, 2034)"
"chameleon-image,100.0,5000","(12, 16, 24, 2.2, 2034)"
"chameleon-image,100.0,6000","(12, 16, 24, 2.2, 2034)"
"chameleon-image,100.0,7000","(12, 16, 24, 2.2, 2034)"
"chameleon-image,100.0,8000","(12, 16, 24, 2.2, 2034)"
"chameleon-image,100.0,9000","(12, 16, 24, 2.2, 2034)"
"chameleon-image,110.0,0","(12, 16, 24, 2.2, 2034)"
"chameleon-image,110.0,1000","(12, 16, 24, 2.2, 2034)"
"chameleon-image,110.0,2000","(12, 16, 24, 2.2, 2034)"
"chameleon-image,110.0,3000","(12, 16, 24, 2.2, 2034)"
"chameleon-image,110.0,4000","(12, 16, 24, 2.2, 2034)"
"chameleon-image,110.0,5000","(12, 16, 24, 2.2, 2034)"
"chameleon-image,110.0,6000","(12, 16, 24, 2.2, 2034)"
"chameleon-image,110.0,7000","(12, 16, 24, 2.2, 2034)"
"chameleon-image,110.0,8000","(12, 16, 24, 2.2, 2034)"
"chameleon-image,110.0,9000","(12, 16, 24, 2.2, 2034)"
"chameleon-image,120.0,0","(12, 16, 24, 2.2, 2034)"
"chameleon-image,120.0,1000","(12, 16, 24, 2.2, 2034)"
"chameleon-image,120.0,2000","(12, 16, 24, 2.2, 2034)"
"chameleon-image,120.0,3000","(12, 16, 24, 2.2, 2034)"
"chameleon-image,120.0,4000","(12, 16, 24, 2.2, 2034)"
"chameleon-image,120.0,5000","(12, 16, 24, 2.2, 2034)"
"chameleon-image,120.0,6000","(12, 16, 24, 2.2, 2034)"
"chameleon-image,120.0,7000","(12, 16, 24, 2.2, 2034)"
"chameleon-image,120.0,8000","(12, 16, 24, 2.2, 2034)"
"chameleon-image,120.0,9000","(12, 16, 24, 2.2, 2034)"
"chameleon-HTML,10.0,0","(70, 64, 32, 2300000.0, 3633)"
"chameleon-HTML,10.0,100","(70, 64, 32, 2300000.0, 3633)"
"chameleon-HTML,10.0,200","(70, 64, 32, 2300000.0, 3633)"
"chameleon-HTML,10.0,300","(70, 64, 32, 2300000.0, 3633)"
"chameleon-HTML,10.0,400","(70, 64, 32, 2300000.0, 3633)"
"chameleon-HTML,10.0,500","(70, 64, 32, 2300000.0, 3633)"
"chameleon-HTML,10.0,600","(70, 64, 32, 2300000.0, 3633)"
"chameleon-HTML,10.0,700","(70, 64, 32, 2300000.0, 3633)"
"chameleon-HTML,10.0,800","(70, 64, 32, 2300000.0, 3633)"
"chameleon-HTML,10.0,900","(70, 64, 32, 2300000.0, 3633)"
"chameleon-HTML,10.0,1000","(70, 64, 32, 2300000.0, 3633)"
"chameleon-HTML,10.0,2000","(32, 32, 48, 2.3, 2014)"
"chameleon-HTML,10.0,3000","(70, 64, 32, 2300000.0, 3633)"
"chameleon-HTML,10.0,4000","(70, 64, 32, 2300000.0, 3633)"
"chameleon-HTML,10.0,5000","(70, 64, 32, 2300000.0, 3633)"
"chameleon-HTML,10.0,6000","(70, 64, 32, 2300000.0, 3633)"
"chameleon-HTML,10.0,7000","(70, 64, 32, 2300000.0, 3633)"
"chameleon-HTML,10.0,8000","(70, 64, 32, 2300000.0, 3633)"
"chameleon-HTML,10.0,9000","(70, 64, 32, 2300000.0, 3633)"
"chameleon-HTML,20.0,0","(70, 64, 32, 2300000.0, 3633)"
"chameleon-HTML,20.0,100","(70, 64, 32, 2300000.0, 3633)"
"chameleon-HTML,20.0,200","(70, 64, 32, 2300000.0, 3633)"
"chameleon-HTML,20.0,300","(70, 64, 32, 2300000.0, 3633)"
"chameleon-HTML,20.0,400","(70, 64, 32, 2300000.0, 3633)"
"chameleon-HTML,20.0,500","(70, 64, 32, 2300000.0, 3633)"
"chameleon-HTML,20.0,600","(70, 64, 32, 2300000.0, 3633)"
"chameleon-HTML,20.0,700","(70, 64, 32, 2300000.0, 3633)"
"chameleon-HTML,20.0,800","(70, 64, 32, 2300000.0, 3633)"
"chameleon-HTML,20.0,900","(70, 64, 32, 2300000.0, 3633)"
"chameleon-HTML,20.0,1000","(70, 64, 32, 2300000.0, 3633)"
"chameleon-HTML,20.0,2000","(32, 32, 48, 2.3, 2014)"
"chameleon-HTML,20.0,3000","(70, 64, 32, 2300000.0, 3633)"
"chameleon-HTML,20.0,4000","(70, 64, 32, 2300000.0, 3633)"
"chameleon-HTML,20.0,5000","(70, 64, 32, 2300000.0, 3633)"
"chameleon-HTML,20.0,6000","(70, 64, 32, 2300000.0, 3633)"
"chameleon-HTML,20.0,7000","(70, 64, 32, 2300000.0, 3633)"
"chameleon-HTML,20.0,8000","(70, 64, 32, 2300000.0, 3633)"
"chameleon-HTML,20.0,9000","(70, 64, 32, 2300000.0, 3633)"
"chameleon-HTML,30.0,0","(70, 64, 32, 2300000.0, 3633)"
"chameleon-HTML,30.0,100","(70, 64, 32, 2300000.0, 3633)"
"chameleon-HTML,30.0,200","(70, 64, 32, 2300000.0, 3633)"
"chameleon-HTML,30.0,300","(70, 64, 32, 2300000.0, 3633)"
"chameleon-HTML,30.0,400","(70, 64, 32, 2300000.0, 3633)"
"chameleon-HTML,30.0,500","(70, 64, 32, 2300000.0, 3633)"
"chameleon-HTML,30.0,600","(70, 64, 32, 2300000.0, 3633)"
"chameleon-HTML,30.0,700","(70, 64, 32, 2300000.0, 3633)"
"chameleon-HTML,30.0,800","(70, 64, 32, 2300000.0, 3633)"
"chameleon-HTML,30.0,900","(70, 64, 32, 2300000.0, 3633)"
"chameleon-HTML,30.0,1000","(70, 64, 32, 2300000.0, 3633)"
"chameleon-HTML,30.0,2000","(32, 32, 48, 2.3, 2014)"
"chameleon-HTML,30.0,3000","(70, 64, 32, 2300000.0, 3633)"
"chameleon-HTML,30.0,4000","(70, 64, 32, 2300000.0, 3633)"
"chameleon-HTML,30.0,5000","(70, 64, 32, 2300000.0, 3633)"
"chameleon-HTML,30.0,6000","(70, 64, 32, 2300000.0, 3633)"
"chameleon-HTML,30.0,7000","(70, 64, 32, 2300000.0, 3633)"
"chameleon-HTML,30.0,8000","(70, 64, 32, 2300000.0, 3633)"
"chameleon-HTML,30.0,9000","(70, 64, 32, 2300000.0, 3633)"
"chameleon-HTML,40.0,0","(20, 24, 40, 1.6, 319)"
"chameleon-HTML,40.0,100","(20, 24, 40, 1.6, 319)"
"chameleon-HTML,40.0,200","(20, 24, 40, 1.6, 319)"
"chameleon-HTML,40.0,300","(20, 24, 40, 1.6, 319)"
"chameleon-HTML,40.0,400","(20, 24, 40, 1.6, 319)"
"chameleon-HTML,40.0,500","(20, 24, 40, 1.6, 319)"
"chameleon-HTML,40.0,600","(20, 24, 40, 1.6, 319)"
"chameleon-HTML,40.0,700","(20, 24, 40, 1.6, 319)"
"chameleon-HTML,40.0,800","(20, 24, 40, 1.6, 319)"
"chameleon-HTML,40.0,900","(20, 24, 40, 1.6, 319)"
"chameleon-HTML,40.0,1000","(20, 24, 40, 1.6, 319)"
"chameleon-HTML,40.0,2000","(20, 24, 40, 1.6, 319)"
"chameleon-HTML,40.0,3000","(20, 24, 40, 1.6, 319)"
"chameleon-HTML,40.0,4000","(20, 24, 40, 1.6, 319)"
"chameleon-HTML,40.0,5000","(20, 24, 40, 1.6, 319)"
"chameleon-HTML,40.0,6000","(20, 24, 40, 1.6, 319)"
"chameleon-HTML,40.0,7000","(20, 24, 40, 1.6, 319)"
"chameleon-HTML,40.0,8000","(20, 24, 40, 1.6, 319)"
"chameleon-HTML,40.0,9000","(20, 24, 40, 1.6, 319)"
"chameleon-HTML,50.0,0","(12, 28, 32, 2.0, 255)"
"chameleon-HTML,50.0,100","(12, 28, 32, 2.0, 255)"
"chameleon-HTML,50.0,200","(12, 28, 32, 2.0, 255)"
"chameleon-HTML,50.0,300","(12, 28, 32, 2.0, 255)"
"chameleon-HTML,50.0,400","(12, 28, 32, 2.0, 255)"
"chameleon-HTML,50.0,500","(12, 28, 32, 2.0, 255)"
"chameleon-HTML,50.0,600","(12, 28, 32, 2.0, 255)"
"chameleon-HTML,50.0,700","(12, 28, 32, 2.0, 255)"
"chameleon-HTML,50.0,800","(12, 28, 32, 2.0, 255)"
"chameleon-HTML,50.0,900","(12, 28, 32, 2.0, 255)"
"chameleon-HTML,50.0,1000","(12, 28, 32, 2.0, 255)"
"chameleon-HTML,50.0,2000","(12, 28, 32, 2.0, 255)"
"chameleon-HTML,50.0,3000","(12, 28, 32, 2.0, 255)"
"chameleon-HTML,50.0,4000","(12, 28, 32, 2.0, 255)"
"chameleon-HTML,50.0,5000","(12, 28, 32, 2.0, 255)"
"chameleon-HTML,50.0,6000","(12, 28, 32, 2.0, 255)"
"chameleon-HTML,50.0,7000","(12, 28, 32, 2.0, 255)"
"chameleon-HTML,50.0,8000","(12, 28, 32, 2.0, 255)"
"chameleon-HTML,50.0,9000","(12, 28, 32, 2.0, 255)"
"chameleon-HTML,60.0,0","(12, 28, 32, 2.0, 255)"
"chameleon-HTML,60.0,100","(12, 28, 32, 2.0, 255)"
"chameleon-HTML,60.0,200","(12, 28, 32, 2.0, 255)"
"chameleon-HTML,60.0,300","(12, 28, 32, 2.0, 255)"
"chameleon-HTML,60.0,400","(12, 28, 32, 2.0, 255)"
"chameleon-HTML,60.0,500","(12, 28, 32, 2.0, 255)"
"chameleon-HTML,60.0,600","(12, 28, 32, 2.0, 255)"
"chameleon-HTML,60.0,700","(12, 28, 32, 2.0, 255)"
"chameleon-HTML,60.0,800","(12, 28, 32, 2.0, 255)"
"chameleon-HTML,60.0,900","(12, 28, 32, 2.0, 255)"
"chameleon-HTML,60.0,1000","(12, 28, 32, 2.0, 255)"
"chameleon-HTML,60.0,2000","(12, 28, 32, 2.0, 255)"
"chameleon-HTML,60.0,3000","(12, 28, 32, 2.0, 255)"
"chameleon-HTML,60.0,4000","(12, 28, 32, 2.0, 255)"
"chameleon-HTML,60.0,5000","(12, 28, 32, 2.0, 255)"
"chameleon-HTML,60.0,6000","(12, 28, 32, 2.0, 255)"
"chameleon-HTML,60.0,7000","(12, 28, 32, 2.0, 255)"
"chameleon-HTML,60.0,8000","(12, 28, 32, 2.0, 255)"
"chameleon-HTML,60.0,9000","(12, 28, 32, 2.0, 255)"
"chameleon-HTML,70.0,0","(32, 16, 24, 1.2, 169)"
"chameleon-HTML,70.0,100","(32, 16, 24, 1.2, 169)"
"chameleon-HTML,70.0,200","(32, 16, 24, 1.2, 169)"
"chameleon-HTML,70.0,300","(32, 16, 24, 1.2, 169)"
"chameleon-HTML,70.0,400","(32, 16, 24, 1.2, 169)"
"chameleon-HTML,70.0,500","(32, 16, 24, 1.2, 169)"
"chameleon-HTML,70.0,600","(32, 16, 24, 1.2, 169)"
"chameleon-HTML,70.0,700","(32, 16, 24, 1.2, 169)"
"chameleon-HTML,70.0,800","(32, 16, 24, 1.2, 169)"
"chameleon-HTML,70.0,900","(32, 16, 24, 1.2, 169)"
"chameleon-HTML,70.0,1000","(32, 16, 24, 1.2, 169)"
"chameleon-HTML,70.0,2000","(32, 16, 24, 1.2, 169)"
"chameleon-HTML,70.0,3000","(32, 16, 24, 1.2, 169)"
"chameleon-HTML,70.0,4000","(32, 16, 24, 1.2, 169)"
"chameleon-HTML,70.0,5000","(32, 16, 24, 1.2, 169)"
"chameleon-HTML,70.0,6000","(32, 16, 24, 1.2, 169)"
"chameleon-HTML,70.0,7000","(32, 16, 24, 1.2, 169)"
"chameleon-HTML,70.0,8000","(32, 16, 24, 1.2, 169)"
"chameleon-HTML,70.0,9000","(32, 16, 24, 1.2, 169)"
"chameleon-HTML,80.0,0","(16, 8, 24, 1.6, 86)"
"chameleon-HTML,80.0,100","(16, 8, 24, 1.6, 86)"
"chameleon-HTML,80.0,200","(16, 8, 24, 1.6, 86)"
"chameleon-HTML,80.0,300","(16, 8, 24, 1.6, 86)"
"chameleon-HTML,80.0,400","(16, 8, 24, 1.6, 86)"
"chameleon-HTML,80.0,500","(16, 8, 24, 1.6, 86)"
"chameleon-HTML,80.0,600","(16, 8, 24, 1.6, 86)"
"chameleon-HTML,80.0,700","(16, 8, 24, 1.6, 86)"
"chameleon-HTML,80.0,800","(16, 8, 24, 1.6, 86)"
"chameleon-HTML,80.0,900","(16, 8, 24, 1.6, 86)"
"chameleon-HTML,80.0,1000","(16, 8, 24, 1.6, 86)"
"chameleon-HTML,80.0,2000","(16, 8, 24, 1.6, 86)"
"chameleon-HTML,80.0,3000","(16, 8, 24, 1.6, 86)"
"chameleon-HTML,80.0,4000","(16, 8, 24, 1.6, 86)"
"chameleon-HTML,80.0,5000","(16, 8, 24, 1.6, 86)"
"chameleon-HTML,80.0,6000","(16, 8, 24, 1.6, 86)"
"chameleon-HTML,80.0,7000","(16, 8, 24, 1.6, 86)"
"chameleon-HTML,80.0,8000","(16, 8, 24, 1.6, 86)"
"chameleon-HTML,80.0,9000","(16, 8, 24, 1.6, 86)"
"chameleon-HTML,90.0,0","(28, 12, 4, 2.2, 192)"
"chameleon-HTML,90.0,100","(28, 12, 4, 2.2, 192)"
"chameleon-HTML,90.0,200","(28, 12, 4, 2.2, 192)"
"chameleon-HTML,90.0,300","(28, 12, 4, 2.2, 192)"
"chameleon-HTML,90.0,400","(28, 12, 4, 2.2, 192)"
"chameleon-HTML,90.0,500","(28, 12, 4, 2.2, 192)"
"chameleon-HTML,90.0,600","(28, 12, 4, 2.2, 192)"
"chameleon-HTML,90.0,700","(28, 12, 4, 2.2, 192)"
"chameleon-HTML,90.0,800","(28, 12, 4, 2.2, 192)"
"chameleon-HTML,90.0,900","(28, 12, 4, 2.2, 192)"
"chameleon-HTML,90.0,1000","(28, 12, 4, 2.2, 192)"
"chameleon-HTML,90.0,2000","(28, 12, 4, 2.2, 192)"
"chameleon-HTML,90.0,3000","(28, 12, 4, 2.2, 192)"
"chameleon-HTML,90.0,4000","(28, 12, 4, 2.2, 192)"
"chameleon-HTML,90.0,5000","(28, 12, 4, 2.2, 192)"
"chameleon-HTML,90.0,6000","(28, 12, 4, 2.2, 192)"
"chameleon-HTML,90.0,7000","(28, 12, 4, 2.2, 192)"
"chameleon-HTML,90.0,8000","(28, 12, 4, 2.2, 192)"
"chameleon-HTML,90.0,9000","(28, 12, 4, 2.2, 192)"
"chameleon-HTML,100.0,0","(28, 12, 4, 2.2, 192)"
"chameleon-HTML,100.0,100","(28, 12, 4, 2.2, 192)"
"chameleon-HTML,100.0,200","(28, 12, 4, 2.2, 192)"
"chameleon-HTML,100.0,300","(28, 12, 4, 2.2, 192)"
"chameleon-HTML,100.0,400","(28, 12, 4, 2.2, 192)"
"chameleon-HTML,100.0,500","(28, 12, 4, 2.2, 192)"
"chameleon-HTML,100.0,600","(28, 12, 4, 2.2, 192)"
"chameleon-HTML,100.0,700","(28, 12, 4, 2.2, 192)"
"chameleon-HTML,100.0,800","(28, 12, 4, 2.2, 192)"
"chameleon-HTML,100.0,900","(28, 12, 4, 2.2, 192)"
"chameleon-HTML,100.0,1000","(28, 12, 4, 2.2, 192)"
"chameleon-HTML,100.0,2000","(28, 12, 4, 2.2, 192)"
"chameleon-HTML,100.0,3000","(28, 12, 4, 2.2, 192)"
"chameleon-HTML,100.0,4000","(28, 12, 4, 2.2, 192)"
"chameleon-HTML,100.0,5000","(28, 12, 4, 2.2, 192)"
"chameleon-HTML,100.0,6000","(28, 12, 4, 2.2, 192)"
"chameleon-HTML,100.0,7000","(28, 12, 4, 2.2, 192)"
"chameleon-HTML,100.0,8000","(28, 12, 4, 2.2, 192)"
"chameleon-HTML,100.0,9000","(28, 12, 4, 2.2, 192)"
"chameleon-HTML,110.0,0","(28, 12, 4, 2.2, 192)"
"chameleon-HTML,110.0,100","(28, 12, 4, 2.2, 192)"
"chameleon-HTML,110.0,200","(28, 12, 4, 2.2, 192)"
"chameleon-HTML,110.0,300","(28, 12, 4, 2.2, 192)"
"chameleon-HTML,110.0,400","(28, 12, 4, 2.2, 192)"
"chameleon-HTML,110.0,500","(28, 12, 4, 2.2, 192)"
"chameleon-HTML,110.0,600","(28, 12, 4, 2.2, 192)"
"chameleon-HTML,110.0,700","(28, 12, 4, 2.2, 192)"
"chameleon-HTML,110.0,800","(28, 12, 4, 2.2, 192)"
"chameleon-HTML,110.0,900","(28, 12, 4, 2.2, 192)"
"chameleon-HTML,110.0,1000","(28, 12, 4, 2.2, 192)"
"chameleon-HTML,110.0,2000","(28, 12, 4, 2.2, 192)"
"chameleon-HTML,110.0,3000","(28, 12, 4, 2.2, 192)"
"chameleon-HTML,110.0,4000","(28, 12, 4, 2.2, 192)"
"chameleon-HTML,110.0,5000","(28, 12, 4, 2.2, 192)"
"chameleon-HTML,110.0,6000","(28, 12, 4, 2.2, 192)"
"chameleon-HTML,110.0,7000","(28, 12, 4, 2.2, 192)"
"chameleon-HTML,110.0,8000","(28, 12, 4, 2.2, 192)"
"chameleon-HTML,110.0,9000","(28, 12, 4, 2.2, 192)"
"chameleon-HTML,120.0,0","(28, 12, 4, 2.2, 192)"
"chameleon-HTML,120.0,100","(28, 12, 4, 2.2, 192)"
"chameleon-HTML,120.0,200","(28, 12, 4, 2.2, 192)"
"chameleon-HTML,120.0,300","(28, 12, 4, 2.2, 192)"
"chameleon-HTML,120.0,400","(28, 12, 4, 2.2, 192)"
"chameleon-HTML,120.0,500","(28, 12, 4, 2.2, 192)"
"chameleon-HTML,120.0,600","(28, 12, 4, 2.2, 192)"
"chameleon-HTML,120.0,700","(28, 12, 4, 2.2, 192)"
"chameleon-HTML,120.0,800","(28, 12, 4, 2.2, 192)"
"chameleon-HTML,120.0,900","(28, 12, 4, 2.2, 192)"
"chameleon-HTML,120.0,1000","(28, 12, 4, 2.2, 192)"
"chameleon-HTML,120.0,2000","(28, 12, 4, 2.2, 192)"
"chameleon-HTML,120.0,3000","(28, 12, 4, 2.2, 192)"
"chameleon-HTML,120.0,4000","(28, 12, 4, 2.2, 192)"
"chameleon-HTML,120.0,5000","(28, 12, 4, 2.2, 192)"
"chameleon-HTML,120.0,6000","(28, 12, 4, 2.2, 192)"
"chameleon-HTML,120.0,7000","(28, 12, 4, 2.2, 192)"
"chameleon-HTML,120.0,8000","(28, 12, 4, 2.2, 192)"
"chameleon-HTML,120.0,9000","(28, 12, 4, 2.2, 192)"
