"intercloud-HTML,10.0,100","(16, 32, 2, 1.6, 37.92838283598211)"
"intercloud-HTML,10.0,200","(16, 32, 2, 1.6, 37.92838283598211)"
"intercloud-HTML,10.0,300","(16, 32, 2, 1.6, 37.92838283598211)"
"intercloud-HTML,10.0,400","(16, 32, 2, 1.6, 37.92838283598211)"
"intercloud-HTML,10.0,500","(16, 32, 2, 1.6, 37.92838283598211)"
"intercloud-HTML,10.0,600","(16, 32, 2, 1.6, 37.92838283598211)"
"intercloud-HTML,10.0,700","(16, 32, 2, 1.6, 37.92838283598211)"
"intercloud-HTML,10.0,800","(16, 32, 2, 1.6, 37.92838283598211)"
"intercloud-HTML,10.0,900","(16, 32, 2, 1.6, 37.92838283598211)"
"intercloud-HTML,10.0,1000","(16, 32, 2, 1.6, 37.92838283598211)"
"intercloud-HTML,10.0,1100","(16, 32, 2, 1.6, 37.92838283598211)"
"intercloud-HTML,10.0,1200","(16, 32, 2, 1.6, 37.92838283598211)"
"intercloud-HTML,10.0,1300","(16, 32, 2, 1.6, 37.92838283598211)"
"intercloud-HTML,10.0,1400","(16, 32, 2, 1.6, 37.92838283598211)"
"intercloud-HTML,10.0,1500","(16, 32, 2, 1.6, 37.92838283598211)"
"intercloud-HTML,10.0,1600","(16, 32, 2, 1.6, 37.92838283598211)"
"intercloud-HTML,10.0,1700","(16, 32, 2, 1.6, 37.92838283598211)"
"intercloud-HTML,20.0,100","(16, 32, 2, 1.6, 37.92838283598211)"
"intercloud-HTML,20.0,200","(16, 32, 2, 1.6, 37.92838283598211)"
"intercloud-HTML,20.0,300","(16, 32, 2, 1.6, 37.92838283598211)"
"intercloud-HTML,20.0,400","(16, 32, 2, 1.6, 37.92838283598211)"
"intercloud-HTML,20.0,500","(16, 32, 2, 1.6, 37.92838283598211)"
"intercloud-HTML,20.0,600","(16, 32, 2, 1.6, 37.92838283598211)"
"intercloud-HTML,20.0,700","(16, 32, 2, 1.6, 37.92838283598211)"
"intercloud-HTML,20.0,800","(16, 32, 2, 1.6, 37.92838283598211)"
"intercloud-HTML,20.0,900","(16, 32, 2, 1.6, 37.92838283598211)"
"intercloud-HTML,20.0,1000","(16, 32, 2, 1.6, 37.92838283598211)"
"intercloud-HTML,20.0,1100","(16, 32, 2, 1.6, 37.92838283598211)"
"intercloud-HTML,20.0,1200","(16, 32, 2, 1.6, 37.92838283598211)"
"intercloud-HTML,20.0,1300","(16, 32, 2, 1.6, 37.92838283598211)"
"intercloud-HTML,20.0,1400","(16, 32, 2, 1.6, 37.92838283598211)"
"intercloud-HTML,20.0,1500","(16, 32, 2, 1.6, 37.92838283598211)"
"intercloud-HTML,20.0,1600","(16, 32, 2, 1.6, 37.92838283598211)"
"intercloud-HTML,20.0,1700","(16, 32, 2, 1.6, 37.92838283598211)"
"intercloud-HTML,30.0,100","(16, 32, 2, 1.6, 37.92838283598211)"
"intercloud-HTML,30.0,200","(16, 32, 2, 1.6, 37.92838283598211)"
"intercloud-HTML,30.0,300","(16, 32, 2, 1.6, 37.92838283598211)"
"intercloud-HTML,30.0,400","(16, 32, 2, 1.6, 37.92838283598211)"
"intercloud-HTML,30.0,500","(16, 32, 2, 1.6, 37.92838283598211)"
"intercloud-HTML,30.0,600","(16, 32, 2, 1.6, 37.92838283598211)"
"intercloud-HTML,30.0,700","(16, 32, 2, 1.6, 37.92838283598211)"
"intercloud-HTML,30.0,800","(16, 32, 2, 1.6, 37.92838283598211)"
"intercloud-HTML,30.0,900","(16, 32, 2, 1.6, 37.92838283598211)"
"intercloud-HTML,30.0,1000","(16, 32, 2, 1.6, 37.92838283598211)"
"intercloud-HTML,30.0,1100","(16, 32, 2, 1.6, 37.92838283598211)"
"intercloud-HTML,30.0,1200","(16, 32, 2, 1.6, 37.92838283598211)"
"intercloud-HTML,30.0,1300","(16, 32, 2, 1.6, 37.92838283598211)"
"intercloud-HTML,30.0,1400","(16, 32, 2, 1.6, 37.92838283598211)"
"intercloud-HTML,30.0,1500","(16, 32, 2, 1.6, 37.92838283598211)"
"intercloud-HTML,30.0,1600","(16, 32, 2, 1.6, 37.92838283598211)"
"intercloud-HTML,30.0,1700","(16, 32, 2, 1.6, 37.92838283598211)"
"intercloud-HTML,40.0,100","(16, 32, 2, 1.6, 37.92838283598211)"
"intercloud-HTML,40.0,200","(16, 32, 2, 1.6, 37.92838283598211)"
"intercloud-HTML,40.0,300","(16, 32, 2, 1.6, 37.92838283598211)"
"intercloud-HTML,40.0,400","(16, 32, 2, 1.6, 37.92838283598211)"
"intercloud-HTML,40.0,500","(16, 32, 2, 1.6, 37.92838283598211)"
"intercloud-HTML,40.0,600","(16, 32, 2, 1.6, 37.92838283598211)"
"intercloud-HTML,40.0,700","(16, 32, 2, 1.6, 37.92838283598211)"
"intercloud-HTML,40.0,800","(16, 32, 2, 1.6, 37.92838283598211)"
"intercloud-HTML,40.0,900","(16, 32, 2, 1.6, 37.92838283598211)"
"intercloud-HTML,40.0,1000","(16, 32, 2, 1.6, 37.92838283598211)"
"intercloud-HTML,40.0,1100","(16, 32, 2, 1.6, 37.92838283598211)"
"intercloud-HTML,40.0,1200","(16, 32, 2, 1.6, 37.92838283598211)"
"intercloud-HTML,40.0,1300","(16, 32, 2, 1.6, 37.92838283598211)"
"intercloud-HTML,40.0,1400","(16, 32, 2, 1.6, 37.92838283598211)"
"intercloud-HTML,40.0,1500","(16, 32, 2, 1.6, 37.92838283598211)"
"intercloud-HTML,40.0,1600","(16, 32, 2, 1.6, 37.92838283598211)"
"intercloud-HTML,40.0,1700","(16, 32, 2, 1.6, 37.92838283598211)"
"intercloud-HTML,50.0,100","(16, 32, 2, 1.6, 37.92838283598211)"
"intercloud-HTML,50.0,200","(16, 32, 2, 1.6, 37.92838283598211)"
"intercloud-HTML,50.0,300","(16, 32, 2, 1.6, 37.92838283598211)"
"intercloud-HTML,50.0,400","(16, 32, 2, 1.6, 37.92838283598211)"
"intercloud-HTML,50.0,500","(16, 32, 2, 1.6, 37.92838283598211)"
"intercloud-HTML,50.0,600","(16, 32, 2, 1.6, 37.92838283598211)"
"intercloud-HTML,50.0,700","(16, 32, 2, 1.6, 37.92838283598211)"
"intercloud-HTML,50.0,800","(16, 32, 2, 1.6, 37.92838283598211)"
"intercloud-HTML,50.0,900","(16, 32, 2, 1.6, 37.92838283598211)"
"intercloud-HTML,50.0,1000","(16, 32, 2, 1.6, 37.92838283598211)"
"intercloud-HTML,50.0,1100","(16, 32, 2, 1.6, 37.92838283598211)"
"intercloud-HTML,50.0,1200","(16, 32, 2, 1.6, 37.92838283598211)"
"intercloud-HTML,50.0,1300","(16, 32, 2, 1.6, 37.92838283598211)"
"intercloud-HTML,50.0,1400","(16, 32, 2, 1.6, 37.92838283598211)"
"intercloud-HTML,50.0,1500","(16, 32, 2, 1.6, 37.92838283598211)"
"intercloud-HTML,50.0,1600","(16, 32, 2, 1.6, 37.92838283598211)"
"intercloud-HTML,50.0,1700","(16, 32, 2, 1.6, 37.92838283598211)"
"intercloud-HTML,60.0,100","(16, 32, 2, 1.6, 37.92838283598211)"
"intercloud-HTML,60.0,200","(16, 32, 2, 1.6, 37.92838283598211)"
"intercloud-HTML,60.0,300","(16, 32, 2, 1.6, 37.92838283598211)"
"intercloud-HTML,60.0,400","(16, 32, 2, 1.6, 37.92838283598211)"
"intercloud-HTML,60.0,500","(16, 32, 2, 1.6, 37.92838283598211)"
"intercloud-HTML,60.0,600","(16, 32, 2, 1.6, 37.92838283598211)"
"intercloud-HTML,60.0,700","(16, 32, 2, 1.6, 37.92838283598211)"
"intercloud-HTML,60.0,800","(16, 32, 2, 1.6, 37.92838283598211)"
"intercloud-HTML,60.0,900","(16, 32, 2, 1.6, 37.92838283598211)"
"intercloud-HTML,60.0,1000","(16, 32, 2, 1.6, 37.92838283598211)"
"intercloud-HTML,60.0,1100","(16, 32, 2, 1.6, 37.92838283598211)"
"intercloud-HTML,60.0,1200","(16, 32, 2, 1.6, 37.92838283598211)"
"intercloud-HTML,60.0,1300","(16, 32, 2, 1.6, 37.92838283598211)"
"intercloud-HTML,60.0,1400","(16, 32, 2, 1.6, 37.92838283598211)"
"intercloud-HTML,60.0,1500","(16, 32, 2, 1.6, 37.92838283598211)"
"intercloud-HTML,60.0,1600","(16, 32, 2, 1.6, 37.92838283598211)"
"intercloud-HTML,60.0,1700","(16, 32, 2, 1.6, 37.92838283598211)"
"intercloud-HTML,70.0,100","(16, 32, 2, 1.6, 37.92838283598211)"
"intercloud-HTML,70.0,200","(16, 32, 2, 1.6, 37.92838283598211)"
"intercloud-HTML,70.0,300","(16, 32, 2, 1.6, 37.92838283598211)"
"intercloud-HTML,70.0,400","(16, 32, 2, 1.6, 37.92838283598211)"
"intercloud-HTML,70.0,500","(16, 32, 2, 1.6, 37.92838283598211)"
"intercloud-HTML,70.0,600","(16, 32, 2, 1.6, 37.92838283598211)"
"intercloud-HTML,70.0,700","(16, 32, 2, 1.6, 37.92838283598211)"
"intercloud-HTML,70.0,800","(16, 32, 2, 1.6, 37.92838283598211)"
"intercloud-HTML,70.0,900","(16, 32, 2, 1.6, 37.92838283598211)"
"intercloud-HTML,70.0,1000","(16, 32, 2, 1.6, 37.92838283598211)"
"intercloud-HTML,70.0,1100","(16, 32, 2, 1.6, 37.92838283598211)"
"intercloud-HTML,70.0,1200","(16, 32, 2, 1.6, 37.92838283598211)"
"intercloud-HTML,70.0,1300","(16, 32, 2, 1.6, 37.92838283598211)"
"intercloud-HTML,70.0,1400","(16, 32, 2, 1.6, 37.92838283598211)"
"intercloud-HTML,70.0,1500","(16, 32, 2, 1.6, 37.92838283598211)"
"intercloud-HTML,70.0,1600","(16, 32, 2, 1.6, 37.92838283598211)"
"intercloud-HTML,70.0,1700","(16, 32, 2, 1.6, 37.92838283598211)"
"intercloud-HTML,80.0,100","(16, 32, 2, 1.6, 37.92838283598211)"
"intercloud-HTML,80.0,200","(16, 32, 2, 1.6, 37.92838283598211)"
"intercloud-HTML,80.0,300","(16, 32, 2, 1.6, 37.92838283598211)"
"intercloud-HTML,80.0,400","(16, 32, 2, 1.6, 37.92838283598211)"
"intercloud-HTML,80.0,500","(16, 32, 2, 1.6, 37.92838283598211)"
"intercloud-HTML,80.0,600","(16, 32, 2, 1.6, 37.92838283598211)"
"intercloud-HTML,80.0,700","(16, 32, 2, 1.6, 37.92838283598211)"
"intercloud-HTML,80.0,800","(16, 32, 2, 1.6, 37.92838283598211)"
"intercloud-HTML,80.0,900","(16, 32, 2, 1.6, 37.92838283598211)"
"intercloud-HTML,80.0,1000","(16, 32, 2, 1.6, 37.92838283598211)"
"intercloud-HTML,80.0,1100","(16, 32, 2, 1.6, 37.92838283598211)"
"intercloud-HTML,80.0,1200","(16, 32, 2, 1.6, 37.92838283598211)"
"intercloud-HTML,80.0,1300","(16, 32, 2, 1.6, 37.92838283598211)"
"intercloud-HTML,80.0,1400","(16, 32, 2, 1.6, 37.92838283598211)"
"intercloud-HTML,80.0,1500","(16, 32, 2, 1.6, 37.92838283598211)"
"intercloud-HTML,80.0,1600","(16, 32, 2, 1.6, 37.92838283598211)"
"intercloud-HTML,80.0,1700","(16, 32, 2, 1.6, 37.92838283598211)"
"intercloud-HTML,90.0,100","(16, 32, 2, 1.6, 37.92838283598211)"
"intercloud-HTML,90.0,200","(16, 32, 2, 1.6, 37.92838283598211)"
"intercloud-HTML,90.0,300","(16, 32, 2, 1.6, 37.92838283598211)"
"intercloud-HTML,90.0,400","(16, 32, 2, 1.6, 37.92838283598211)"
"intercloud-HTML,90.0,500","(16, 32, 2, 1.6, 37.92838283598211)"
"intercloud-HTML,90.0,600","(16, 32, 2, 1.6, 37.92838283598211)"
"intercloud-HTML,90.0,700","(16, 32, 2, 1.6, 37.92838283598211)"
"intercloud-HTML,90.0,800","(16, 32, 2, 1.6, 37.92838283598211)"
"intercloud-HTML,90.0,900","(16, 32, 2, 1.6, 37.92838283598211)"
"intercloud-HTML,90.0,1000","(16, 32, 2, 1.6, 37.92838283598211)"
"intercloud-HTML,90.0,1100","(16, 32, 2, 1.6, 37.92838283598211)"
"intercloud-HTML,90.0,1200","(16, 32, 2, 1.6, 37.92838283598211)"
"intercloud-HTML,90.0,1300","(16, 32, 2, 1.6, 37.92838283598211)"
"intercloud-HTML,90.0,1400","(16, 32, 2, 1.6, 37.92838283598211)"
"intercloud-HTML,90.0,1500","(16, 32, 2, 1.6, 37.92838283598211)"
"intercloud-HTML,90.0,1600","(16, 32, 2, 1.6, 37.92838283598211)"
"intercloud-HTML,90.0,1700","(16, 32, 2, 1.6, 37.92838283598211)"
"intercloud-HTML,100.0,100","(16, 32, 2, 1.6, 37.92838283598211)"
"intercloud-HTML,100.0,200","(16, 32, 2, 1.6, 37.92838283598211)"
"intercloud-HTML,100.0,300","(16, 32, 2, 1.6, 37.92838283598211)"
"intercloud-HTML,100.0,400","(16, 32, 2, 1.6, 37.92838283598211)"
"intercloud-HTML,100.0,500","(16, 32, 2, 1.6, 37.92838283598211)"
"intercloud-HTML,100.0,600","(16, 32, 2, 1.6, 37.92838283598211)"
"intercloud-HTML,100.0,700","(16, 32, 2, 1.6, 37.92838283598211)"
"intercloud-HTML,100.0,800","(16, 32, 2, 1.6, 37.92838283598211)"
"intercloud-HTML,100.0,900","(16, 32, 2, 1.6, 37.92838283598211)"
"intercloud-HTML,100.0,1000","(16, 32, 2, 1.6, 37.92838283598211)"
"intercloud-HTML,100.0,1100","(16, 32, 2, 1.6, 37.92838283598211)"
"intercloud-HTML,100.0,1200","(16, 32, 2, 1.6, 37.92838283598211)"
"intercloud-HTML,100.0,1300","(16, 32, 2, 1.6, 37.92838283598211)"
"intercloud-HTML,100.0,1400","(16, 32, 2, 1.6, 37.92838283598211)"
"intercloud-HTML,100.0,1500","(16, 32, 2, 1.6, 37.92838283598211)"
"intercloud-HTML,100.0,1600","(16, 32, 2, 1.6, 37.92838283598211)"
"intercloud-HTML,100.0,1700","(16, 32, 2, 1.6, 37.92838283598211)"
"intercloud-HTML,110.0,100","(16, 32, 2, 1.6, 37.92838283598211)"
"intercloud-HTML,110.0,200","(16, 32, 2, 1.6, 37.92838283598211)"
"intercloud-HTML,110.0,300","(16, 32, 2, 1.6, 37.92838283598211)"
"intercloud-HTML,110.0,400","(16, 32, 2, 1.6, 37.92838283598211)"
"intercloud-HTML,110.0,500","(16, 32, 2, 1.6, 37.92838283598211)"
"intercloud-HTML,110.0,600","(16, 32, 2, 1.6, 37.92838283598211)"
"intercloud-HTML,110.0,700","(16, 32, 2, 1.6, 37.92838283598211)"
"intercloud-HTML,110.0,800","(16, 32, 2, 1.6, 37.92838283598211)"
"intercloud-HTML,110.0,900","(16, 32, 2, 1.6, 37.92838283598211)"
"intercloud-HTML,110.0,1000","(16, 32, 2, 1.6, 37.92838283598211)"
"intercloud-HTML,110.0,1100","(16, 32, 2, 1.6, 37.92838283598211)"
"intercloud-HTML,110.0,1200","(16, 32, 2, 1.6, 37.92838283598211)"
"intercloud-HTML,110.0,1300","(16, 32, 2, 1.6, 37.92838283598211)"
"intercloud-HTML,110.0,1400","(16, 32, 2, 1.6, 37.92838283598211)"
"intercloud-HTML,110.0,1500","(16, 32, 2, 1.6, 37.92838283598211)"
"intercloud-HTML,110.0,1600","(16, 32, 2, 1.6, 37.92838283598211)"
"intercloud-HTML,110.0,1700","(16, 32, 2, 1.6, 37.92838283598211)"
"intercloud-HTML,120.0,100","(16, 32, 2, 1.6, 37.92838283598211)"
"intercloud-HTML,120.0,200","(16, 32, 2, 1.6, 37.92838283598211)"
"intercloud-HTML,120.0,300","(16, 32, 2, 1.6, 37.92838283598211)"
"intercloud-HTML,120.0,400","(16, 32, 2, 1.6, 37.92838283598211)"
"intercloud-HTML,120.0,500","(16, 32, 2, 1.6, 37.92838283598211)"
"intercloud-HTML,120.0,600","(16, 32, 2, 1.6, 37.92838283598211)"
"intercloud-HTML,120.0,700","(16, 32, 2, 1.6, 37.92838283598211)"
"intercloud-HTML,120.0,800","(16, 32, 2, 1.6, 37.92838283598211)"
"intercloud-HTML,120.0,900","(16, 32, 2, 1.6, 37.92838283598211)"
"intercloud-HTML,120.0,1000","(16, 32, 2, 1.6, 37.92838283598211)"
"intercloud-HTML,120.0,1100","(16, 32, 2, 1.6, 37.92838283598211)"
"intercloud-HTML,120.0,1200","(16, 32, 2, 1.6, 37.92838283598211)"
"intercloud-HTML,120.0,1300","(16, 32, 2, 1.6, 37.92838283598211)"
"intercloud-HTML,120.0,1400","(16, 32, 2, 1.6, 37.92838283598211)"
"intercloud-HTML,120.0,1500","(16, 32, 2, 1.6, 37.92838283598211)"
"intercloud-HTML,120.0,1600","(16, 32, 2, 1.6, 37.92838283598211)"
"intercloud-HTML,120.0,1700","(16, 32, 2, 1.6, 37.92838283598211)"